Name;{DB};{V};{max(G;V)};{V+G};{GurF};{V+GurF};{GurL};{V+GurL};;;;
10teams;210;1600;153;16;100.000000;0.000000;0.000000;100.000000;100.000000;93.877551;93.877551;100.000000;100.000000
23588;137;237;75;75;5.772831;72.182376;71.614817;71.614817;71.624582;15.591428;68.936554;24.381330;71.775864
30n20b8;387;4191;184;190;11.099235;1.564622;0.033334;11.099235;11.099235;0.926468;1.331188;16.910036;16.300723
50v-10;233;2013;29;29;45.753596;18.008191;11.184101;45.753596;45.823184;49.858925;50.152252;73.169318;74.444520
a1c1s1;1876;2489;154;3;25.105518;4.895611;1.094331;25.105518;25.382401;45.584474;46.254097;88.806373;88.730339
a2c1s1;1856;2459;157;18;24.372660;3.337449;0.461882;24.372660;24.372660;42.797493;44.248500;91.529658;92.019454
aflow30a;449;812;25;25;16.535257;17.165164;16.826909;16.826909;19.285755;29.601743;29.630046;64.901464;65.248266
aflow40b;1401;2687;34;36;11.998511;14.593600;13.335246;13.335246;15.418911;30.750832;32.147917;56.327792;58.695585
aligninq;337;1831;182;163;11.588572;64.299609;61.102243;61.102243;61.192626;32.482223;60.672286;50.798315;62.436114
app3;370;1392;18;15;20.407763;55.666020;15.523885;20.407763;26.668549;28.427030;34.823870;83.904311;84.426687
arki001;693;957;64;5;35.058472;13.182081;4.079894;35.058472;35.102376;20.248234;28.014112;48.869264;48.871128
assign1-5-8;161;156;114;114;6.618782;10.217019;9.098207;9.098207;9.664307;5.980892;9.123327;8.516395;9.818255
b1c1s1;2520;2651;240;9;23.005942;3.738399;0.049882;23.005942;23.006597;22.481832;27.757283;76.316351;76.687606
b2c1s1;2546;2677;238;4;19.812503;2.007490;0.085124;19.812503;19.812503;23.068346;23.399644;72.082156;72.319120
bc1;1338;1044;5;5;0.588660;12.142929;8.782692;8.782692;8.782692;30.316716;30.697595;44.931708;45.026253
bc;1877;1275;15;16;2.354318;13.704051;13.098632;13.098632;13.265505;15.132026;17.714754;30.255197;30.650560
beasleyC1;700;1099;17;17;22.727273;38.636364;25.655353;25.655353;33.381609;51.068723;56.222424;93.708488;95.587072
beasleyC2;680;1072;32;32;4.103874;13.908046;9.735397;9.735397;11.206920;49.441452;49.920936;97.279885;97.496174
beasleyC3;790;1220;124;124;1.296774;2.810011;1.236898;1.296774;1.796111;57.739584;63.229491;97.718222;97.873228
beavma;247;272;39;4;48.237939;25.049562;8.833743;48.237939;52.326115;68.308900;71.307711;98.179449;99.863844
bell3a;63;82;7;3;36.981245;53.708715;39.917269;39.917269;45.962990;38.390677;45.539042;45.554474;48.032209
bell3b;73;91;24;22;31.169081;85.444932;83.838252;83.838252;84.614672;37.151535;86.210578;52.141406;95.623971
bell4;73;88;27;7;25.571055;21.718478;14.215831;25.571055;26.150411;25.258301;26.099440;30.716805;31.236991
bell5;34;56;10;10;13.841306;84.749100;73.821812;73.821812;75.114788;13.678494;25.223423;36.657882;76.807401
berlin\_5\_8\_0;1328;979;235;9;0.000000;0.000000;0.000000;0.000000;0.000000;0.000000;0.000000;0.000000;0.000000
bg512142;897;757;204;63;0.808097;2.001413;0.808720;0.808720;1.386087;3.505379;3.812320;10.772976;10.985625
bienst1;520;449;26;13;11.954844;43.613094;43.613094;43.613094;43.613094;7.855112;43.613094;14.658337;43.613094
bienst2;520;449;33;7;9.766071;35.628116;24.178572;24.178572;24.178572;7.172345;26.617698;12.276856;35.628116
binkar10\_1;813;1399;38;38;10.938467;9.960835;7.437965;10.938467;12.589482;23.148694;38.107301;74.038507;74.586287
blend2;154;302;12;6;5.456519;29.371552;12.032537;12.032537;12.032537;5.456514;10.871470;20.575602;21.179358
blp-ir98;473;4675;43;45;40.790175;19.065059;4.179578;40.790175;40.790175;29.672404;32.636636;86.385608;87.344047
bm23;20;27;6;6;16.809643;71.466577;69.642109;69.642109;69.642109;21.160060;66.200094;39.057502;71.147067
bnatt400;3808;1901;545;5;0.000000;0.000000;0.000000;0.000000;0.000000;0.000000;0.000000;0.000000;0.000000
bppc8-02;57;204;17;13;0.000000;0.000000;0.000000;0.000000;0.000000;0.000000;0.000000;0.000000;0.000000
bppc8-09;75;364;30;30;3.078078;3.301803;0.593229;3.078078;3.078078;1.187913;1.588956;3.611834;3.167295
breastcancer-regularized;485;477;9;200;0.014743;22.653915;8.872811;8.872811;8.884573;0.200984;7.681624;24.700635;27.249663
cap6000;1725;4596;2;2;41.647393;67.980383;63.480611;63.480611;63.480611;35.697489;35.697766;36.023078;38.816797
cod105;1024;1024;598;391;0.000000;0.000000;0.000000;0.000000;0.000000;0.000000;0.000000;0.000000;0.000000
control30-3-2-3;324;247;10;24;0.000631;0.004913;0.000961;0.000961;0.001357;0.015750;0.016448;0.016493;0.016988
cost266-UUE;1302;3882;55;56;23.918555;19.131540;4.959522;23.918555;24.672267;20.095159;22.266687;37.291402;38.677593
cov1075;637;120;120;1;1.546747;10.657895;10.657895;10.657895;10.657895;2.803562;26.181818;5.371749;26.535908
csched007;274;1680;130;136;5.098561;7.208528;6.160266;6.160266;8.313232;20.608955;21.354634;38.907991;38.267330
csched010;272;1678;121;124;4.167900;6.050307;5.513113;5.513113;6.019459;14.189018;16.068357;33.740915;34.094603
cvs08r139-94;2398;1864;1582;339;1.085151;10.474308;1.237238;1.237238;1.627990;1.578754;1.961666;2.509547;2.781838
cvs16r106-72;3608;2848;2440;838;0.752580;1.981538;0.000000;0.752580;0.828432;9.273810;9.602921;13.267180;13.430216
cvs16r128-89;4633;3472;3200;734;0.858758;3.019355;0.142973;0.858758;0.947486;5.134957;5.134957;6.691533;6.525244
cvs16r70-62;3278;2112;1846;773;0.517122;4.081633;0.000000;0.517122;0.638102;26.247262;26.247262;30.920019;30.984805
cvs16r89-60;3068;2384;1935;218;0.532575;3.370787;0.555993;0.555993;0.908193;12.973915;14.279026;21.034805;20.961852
d10200;906;697;144;154;0.506221;14.329210;14.151784;14.151784;14.151784;0.000000;0.000000;0.000000;0.000000
danoint;656;513;32;52;0.257767;3.432624;1.588634;1.588634;1.592490;1.168300;1.479654;3.266514;3.285394
dcmulti;271;529;46;13;38.349794;27.042029;11.563209;38.349794;45.573943;54.283397;59.631106;87.769684;88.629459
dfn-gwin-UUM;156;936;45;45;45.854514;33.447068;24.231823;45.854514;47.818546;46.378638;46.997655;65.063223;65.316085
dg012142;1987;1899;397;27;0.475404;0.097422;0.027679;0.475404;0.484609;0.570480;0.606738;1.102059;1.058559
eilB101;100;2815;71;89;2.465774;12.019007;1.116387;2.465774;3.132486;12.032045;12.032046;43.853689;43.547532
eild76;75;1893;55;63;1.085382;9.275935;1.013223;1.085382;1.360207;10.508184;10.527491;51.965849;54.346305
exp-1-500-5-5;550;990;131;3;28.151634;9.368274;1.706221;28.151634;28.506709;33.479665;36.515120;79.011950;80.367937
f2gap201600;20;1600;16;16;60.271212;8.854467;7.218226;60.271212;60.271212;18.182706;74.068300;18.182706;74.068300
f2gap401600;40;1600;29;29;62.966944;4.720404;2.522570;62.966944;63.310184;24.068197;93.895472;24.068197;93.895472
f2gap801600;80;1600;66;5;78.591888;6.086315;1.107609;78.591888;78.607302;49.794639;95.407769;49.794639;95.407769
fiber;267;998;20;38;69.333377;9.092640;5.356000;69.333377;69.576259;66.160838;72.715384;93.640033;93.227298
fixnet4;477;877;14;15;43.187106;84.681328;25.206389;43.187106;51.090833;46.733203;57.826560;99.341861;99.716848
fixnet6;477;877;11;12;22.114319;67.959108;34.955205;34.955205;40.476236;40.706551;52.415461;80.002293;87.322438
g200x740;934;1472;144;25;30.188042;11.092075;2.570376;30.188042;31.053918;76.538209;77.621608;94.590963;94.226881
g200x740i;940;1480;113;30;1.927711;2.782554;2.300829;2.300829;3.339008;71.516300;71.619747;88.642447;89.075195
gen-ip002;24;41;18;18;2.148254;12.810407;12.388480;12.388480;12.388480;1.316409;1.316409;3.647161;12.285122
gen-ip016;24;28;8;13;0.308919;6.105733;5.958950;5.958950;5.958950;0.307217;5.572388;0.516582;5.882819
gen-ip021;28;35;15;15;1.006511;15.752197;15.199728;15.199728;15.199728;0.647032;14.652398;1.442097;15.182505
gen-ip036;46;29;17;17;2.442681;17.794270;17.726521;17.726521;17.726521;2.099628;16.819881;2.837300;17.632551
ger50-17-ptp-pop-6t;544;4860;265;8;48.425553;0.910643;0.784053;48.425553;48.425553;48.625039;48.771387;89.435313;89.512894
gesa2-o;1200;1176;71;8;26.737208;15.708602;6.672022;26.737208;30.110838;34.954727;36.131202;98.479314;98.757365
gesa2;1344;1176;43;8;23.859992;35.401247;6.699495;23.859992;28.445297;66.124992;70.065144;99.092940;99.309672
gesa3\_o;1152;1080;98;5;42.195631;39.421617;7.765184;42.195631;42.211550;61.556207;61.808148;86.857606;87.302032
gesa3;1296;1080;59;59;7.276537;48.279917;33.518959;33.518959;35.121987;40.511809;47.223418;73.686144;82.091126
glass4;390;316;64;6;0.000000;0.000150;0.000000;0.000000;0.000000;0.000000;0.000000;0.000053;0.000055
gmu-35-40;357;652;11;9;0.074160;0.003030;0.002694;0.074160;0.074217;4.598762;4.598711;9.410668;9.645184
gmu-35-50;358;953;17;17;0.003213;0.002301;0.002159;0.003213;0.004501;0.006251;0.005998;0.009823;0.009183
go19;361;361;357;357;2.001396;15.406436;15.182087;15.182087;15.182087;2.231705;14.910352;5.262871;15.271614
graph20-20-1rand;4810;1924;416;4;0.000000;0.000000;0.000000;0.000000;0.000000;0.000000;0.000000;0.000000;0.000000
graphdraw-domain;865;254;100;2;0.000000;0.000000;0.000000;0.000000;0.000000;0.715236;0.715236;4.904477;4.843986
graphdraw-gemcutter;474;166;66;26;0.000000;0.000000;0.000000;0.000000;0.000000;1.948003;1.948003;6.836390;6.836390
gsvm2rl3;180;241;31;31;6.247810;18.743429;5.766655;6.247810;11.269614;10.448387;11.675669;30.373662;33.767275
gsvm2rl5;300;401;45;45;0.418543;11.549135;7.870983;7.870983;8.051253;1.731722;4.578644;4.042203;9.645678
gt2;28;173;14;3;87.063367;2.039430;1.658371;87.063367;87.063367;49.966638;50.042718;62.542340;69.539750
gus-sch;834;1378;49;17;45.202020;18.958177;7.636398;45.202020;45.202020;51.121643;54.147048;84.894215;84.358294
h50x2450;2451;4763;57;10;12.188768;19.011643;6.524332;12.188768;16.967904;48.181018;50.270243;93.993283;93.832249
haprp;694;756;254;170;50.497053;0.347212;0.174734;50.497053;50.497053;100.000014;100.000009;100.000014;100.000009
harp2;92;1013;27;27;17.278211;15.507613;11.305670;17.278211;17.641757;16.991807;17.260835;39.215628;40.146641
hgms-det;4599;950;150;6;0.414900;0.009019;0.000000;0.414900;0.414900;0.875382;0.889093;2.619443;2.111046
ic97\_potential;998;726;290;2;4.630401;0.000000;0.000000;4.630401;4.630401;17.310739;18.922452;53.844923;51.772657
ic97\_tension;215;523;119;4;5.858568;0.000000;0.000000;5.858568;5.858568;33.270618;33.270618;85.928116;87.264994
icir97\_tension;818;1816;668;3;3.446662;0.000000;0.000000;3.446662;3.446662;42.895262;42.979317;74.265510;74.257427
iis-100-0-cov;3831;100;100;100;1.146376;35.423390;35.401548;35.401548;35.401548;4.198326;35.247686;8.801018;35.385660
iis-bupa-cov;4796;337;151;153;0.849743;30.818120;30.764115;30.764115;30.764115;4.363908;30.470355;6.102182;31.065863
janos-us-DDM;755;2179;81;4;11.980258;3.746788;2.221281;11.980258;11.980258;23.842528;23.842528;29.007666;29.007663
k16x240;256;480;13;14;7.620480;23.335592;18.270746;18.270746;19.738777;67.241262;68.466831;79.760794;80.208706
k16x240b;256;480;14;15;6.035925;20.948117;17.485169;17.485169;18.868330;61.176308;62.971210;82.233916;82.511914
khb05250;100;1299;19;19;69.786023;57.820058;21.922087;69.786023;70.569221;78.596285;79.344489;98.330939;99.879360
l152lav;97;1987;13;52;10.836079;62.581717;54.326064;54.326064;54.489186;1.004705;52.262206;4.082511;54.260651
lectsched-4-obj;3221;1875;418;2;0.000000;0.000000;0.000000;0.000000;0.000000;57.142857;57.142857;100.000000;100.000000
lotsize;1920;2985;477;2;13.597240;2.135194;0.239097;13.597240;13.634759;20.041380;22.886698;83.400782;84.908191
lrn;4880;4332;243;6;56.934154;57.780245;0.000000;56.934154;56.934154;58.738709;60.157106;84.568752;84.373006
lseu;28;78;8;8;32.909867;23.468640;18.409623;32.909867;38.359931;34.185249;42.255594;66.178296;69.071741
macrophage;2308;1673;386;46;9.352142;3.761755;3.761755;9.352142;12.460815;88.817963;88.821695;99.409913;99.442794
mas074;13;148;12;12;6.669041;13.514032;13.311804;13.311804;13.333482;1.829532;2.118280;8.313145;13.361372
mas076;12;148;11;11;6.424322;13.304488;12.148871;12.148871;12.479076;2.334698;3.659743;14.255449;14.705215
mas284;68;148;20;20;0.866419;34.867672;34.097198;34.097198;34.097198;0.508364;33.801872;10.066505;33.923311
maxgasflow;3935;4125;641;6;22.478700;0.015531;0.005425;22.478700;22.478957;22.500189;22.522284;28.774516;29.335977
mc11;1917;3035;206;227;0.481018;0.613667;0.187302;0.481018;0.558723;78.281460;78.405612;97.240948;97.426872
mc7;1914;3031;341;341;0.501616;0.211712;0.178243;0.501616;0.539250;85.823728;85.898201;97.407013;97.397436
mc8;1914;3031;363;363;0.913344;0.846265;0.393130;0.913344;1.113439;68.504222;68.839543;96.537894;96.806076
mcsched;1793;1450;1224;1224;0.033363;3.646199;2.685174;2.685174;2.685174;0.057994;0.211398;0.640695;2.764517
mik-250-1-100-1;100;251;100;100;53.520910;12.030946;8.535422;53.520910;53.520910;67.712474;67.712474;75.080987;75.087073
mik-250-20-75-1;76;269;75;75;65.246432;15.468792;12.226944;65.246432;65.559356;65.246432;65.246432;82.911100;82.911100
mik-250-20-75-2;76;271;74;75;61.427723;16.670261;6.546203;61.427723;62.243171;62.321010;62.896189;85.152008;85.152008
mik-250-20-75-3;76;268;75;20;61.593982;20.548947;4.690267;61.593982;62.246540;61.593982;62.246540;76.700201;76.682907
mik-250-20-75-4;76;267;75;75;53.829998;17.577746;12.041568;53.829998;54.202929;53.829998;53.886614;76.840957;77.689259
mik-250-20-75-5;76;266;75;75;63.437019;18.036735;5.980799;63.437019;64.026207;63.437019;64.012607;79.337034;82.100573
milo-v12-6-r2-40-1;4157;1897;224;5;21.215166;9.429145;1.216874;21.215166;21.244438;64.180202;66.106647;88.289754;88.531975
milo-v13-4-3d-3-0;655;295;23;23;1.030682;9.190333;8.525081;8.525081;8.559411;0.592061;8.392287;0.601857;8.537176
mine-90-10;4118;778;345;346;6.248646;34.421661;31.287720;31.287720;31.366376;29.511775;38.993444;38.023889;41.605991
misc03;95;138;12;18;0.000000;57.068966;37.744178;37.744178;37.744178;0.000000;32.580555;25.690936;45.225293
misc07;211;232;11;16;0.716846;6.989247;3.233468;3.233468;3.240059;0.716846;3.233972;7.434360;7.864355
mkc1;2738;4751;67;54;0.000000;0.000000;0.000000;0.000000;0.000000;0.000000;0.000000;2.332457;0.847444
mkc;961;2933;116;21;6.079733;5.473835;3.459429;6.079733;6.442176;6.047109;9.396398;46.255591;46.581274
mod008;6;319;6;6;24.370465;26.261006;21.611865;24.370465;27.041258;7.804020;16.468681;89.942044;91.361232
mod013;62;96;5;5;4.411765;51.537433;43.577475;43.577475;46.117011;31.436211;41.045964;78.204138;82.466986
modglob;286;354;27;30;17.395330;25.311721;5.714332;17.395330;20.221595;65.456794;69.374490;96.366503;97.219872
mtest4ma;1097;1873;118;111;59.598606;11.999836;1.752740;59.598606;60.361549;43.673679;45.713638;99.825579;99.872892
n13-3;224;506;16;4;43.241042;47.388641;26.524197;43.241042;45.122027;65.842434;66.733455;91.362352;91.844256
n2seq36f;251;3231;24;24;0.000000;0.000000;0.000000;0.000000;0.000000;0.000000;0.000000;0.000000;0.000000
n4-3;884;2950;36;36;10.723422;23.099674;14.952954;14.952954;17.698932;35.728583;35.939930;81.117845;81.778416
n5-3;744;1974;35;35;12.935809;31.459329;18.494319;18.494319;24.578565;44.752883;48.812360;86.933656;88.993003
n6-3;1693;4988;38;38;21.275446;18.470142;9.402691;21.275446;23.937163;49.489803;51.338750;94.748967;94.999272
n7-3;960;2772;30;30;17.075983;30.996163;24.100409;24.100409;28.458282;53.798361;55.599170;87.449322;87.906709
neos-1058477;966;769;28;28;0.759153;76.164754;0.000000;0.759153;0.764431;10.927636;10.932837;99.202859;88.663895
neos-1215259;1197;1512;123;150;3.472248;29.127123;18.052180;18.052180;18.052180;17.743851;23.874520;33.902901;41.748572
neos-1225589;650;1250;25;20;3.938411;12.093222;4.820516;4.820516;6.121877;85.074371;85.438646;98.983101;99.085933
neos-1281048;459;685;121;31;0.000000;33.112583;20.513736;20.513736;20.513736;14.238406;21.056421;94.701982;99.337744
neos-1330346;1620;2628;565;32;0.000000;14.285714;0.000000;0.000000;0.000000;2.040816;2.040816;8.163265;6.122449
neos-1396125;1434;1161;69;69;5.397861;0.438942;0.156680;5.397861;5.397861;52.681024;52.681024;54.705260;54.570199
neos-1413153;2500;2451;257;269;14.373026;30.650924;3.921137;14.373026;14.786001;16.126289;16.306619;47.020358;47.570137
neos-1415183;2809;2757;237;4;11.129818;27.673404;15.957694;15.957694;16.151958;21.988961;21.988961;26.068102;58.862375
neos-1420205;341;231;44;3;0.000000;20.000000;20.000000;20.000000;20.000000;20.000000;20.000000;35.136364;35.136364
neos-1480121;183;151;7;7;0.000000;0.000000;0.000000;0.000000;0.000000;0.000000;0.000000;0.000000;0.000000
neos-1489999;870;438;438;438;0.474843;27.746127;18.364828;18.364828;18.385222;0.614201;15.267247;2.148195;18.595982
neos-1582420;2487;2407;295;295;3.185077;30.808342;28.918118;28.918118;28.918118;11.540477;11.548105;50.903086;53.457120
neos-1595230;677;490;114;5;4.010039;7.142857;7.142857;7.142857;7.142857;0.344567;4.081633;1.541806;7.434401
neos-1599274;1169;4200;60;1;34.648750;0.000000;0.000000;34.648750;34.648750;51.658445;51.658445;51.658445;51.658445
neos-1601936;3088;4022;589;25;99.999999;100.000000;50.000000;99.999999;99.999999;100.000000;100.000000;100.000000;100.000000
neos-1605061;3447;4023;729;70;36.208048;17.096166;0.000000;36.208048;36.208048;86.214520;86.214520;100.000000;100.000000
neos-1605075;3440;4085;966;434;2.897505;0.000000;0.000000;2.897505;2.897505;73.670607;73.670607;89.742683;91.680053
neos-1616732;1026;200;200;200;1.471873;24.781947;24.744511;24.744511;24.744511;1.900212;24.719205;5.858080;24.722368
neos-1620807;405;231;39;1;0.000000;16.666667;16.666667;16.666667;16.666667;0.000000;16.666667;0.000000;16.666667
neos-2328163-agri;1924;2236;178;84;0.591900;0.809969;0.483428;0.591900;0.759904;9.955885;9.980362;86.743383;87.769728
neos-3024952-loue;3633;3218;391;5;2.004757;0.000000;0.000000;2.004757;2.004757;24.899036;24.958038;57.061811;56.997965
neos-3046601-motu;282;163;11;11;0.000000;0.078493;0.078493;0.078493;0.078493;72.812001;92.882352;99.745168;99.654812
neos-3046615-murg;249;145;14;10;0.000000;0.000000;0.000000;0.000000;0.000000;90.692242;90.692242;96.835216;96.948511
neos-3072252-nete;429;570;93;1;19.692529;0.927463;0.000000;19.692529;19.692529;19.465572;19.465641;73.159391;73.934480
neos-3083819-nubu;340;2230;12;29;42.067461;33.867319;12.434163;42.067461;46.599248;64.136397;64.136397;86.829483;91.884235
neos-3118745-obra;137;1130;24;6;18.796992;0.000000;0.000000;18.796992;18.796992;15.306128;15.306122;58.775510;53.061224
neos-3216931-puriri;3427;2993;409;22;0.932514;21.965000;0.000000;0.932514;0.932514;1.637229;1.706040;5.323716;5.315827
neos-3373491-avoca;1267;2152;66;2;0.008811;0.000021;0.000006;0.008811;0.008816;0.012587;0.012591;0.027442;0.027398
neos-3381206-awhea;479;2375;478;3;0.000000;0.000000;0.000000;0.000000;0.000000;0.000000;0.000000;0.000000;0.000000
neos-3421095-cinca;597;292;56;35;0.000000;0.000000;0.000000;0.000000;0.000000;3.598653;3.684190;83.161022;83.161022
neos-3592146-hawea;765;4205;240;7;16.016406;4.840669;2.198985;16.016406;16.073754;15.847043;18.086676;28.591291;28.608178
neos-3610040-iskar;215;275;18;2;7.116510;22.233323;14.855518;14.855518;14.855518;9.857084;15.407523;31.032028;41.318545
neos-3610051-istra;389;444;27;7;5.564029;26.408631;26.408631;26.408631;26.408631;16.778155;25.660785;24.534468;27.737672
neos-3610173-itata;435;491;26;3;7.809111;43.610714;0.506031;7.809111;7.809111;19.167815;19.271896;55.090806;57.362720
neos-3611447-jijia;262;324;23;4;19.970660;20.286019;5.514958;19.970660;19.970660;46.094131;46.094131;66.470355;66.526966
neos-3611689-kaihu;256;317;27;11;17.832574;21.492981;20.482450;20.482450;22.660162;50.893882;53.862586;61.280673;60.698753
neos-3627168-kasai;1190;1400;152;152;17.106336;0.730410;0.593412;17.106336;17.106336;6.056236;6.553687;31.655854;31.619212
neos-3660371-kurow;1524;1488;144;160;0.223425;0.807394;0.605824;0.605824;0.661565;0.227380;0.593680;1.497418;1.460820
neos-3665875-lesum;3184;3128;179;2;1.267560;0.000000;0.000000;1.267560;1.267560;6.037371;6.037371;92.352856;92.627297
neos-3754480-nidda;402;253;41;41;19.644984;22.877865;22.278295;22.278295;27.337103;48.504913;48.713799;50.472978;50.990425
neos-3762025-ognon;2636;4507;339;1;0.000000;0.000000;0.000000;0.000000;0.000000;0.000000;0.000000;0.000000;0.000000
neos-4333464-siret;2278;2186;15;15;5.649442;4.883876;4.370753;5.649442;8.305325;21.682803;21.929415;68.130224;68.831313
neos-4333596-skien;438;390;21;43;20.835984;10.052644;7.076869;20.835984;20.835984;38.536141;39.865543;67.106322;67.823625
neos-4387871-tavua;3918;3638;33;33;2.036060;6.476782;4.081565;4.081565;4.995894;15.139831;16.679238;61.259198;62.552299
neos-4393408-tinui;3918;3640;33;33;9.030338;28.730706;22.872277;22.872277;28.533620;4.204806;27.128137;18.255178;39.451221
neos-4650160-yukon;1551;980;83;7;85.844785;2.074583;0.606470;85.844785;85.854832;90.488289;90.598829;93.185603;93.194470
neos-480878;1265;746;21;22;1.842111;18.721096;7.223515;7.223515;8.115134;1.795553;6.058042;7.918070;11.583305
neos-4954672-berkel;315;630;60;5;8.435416;5.045845;2.284740;8.435416;8.899623;12.752428;16.940501;53.467420;53.571905
neos-501453;13;52;1;1;69.996415;0.076804;0.076804;69.996415;69.996415;69.996422;69.996415;69.996422;69.996415
neos-504674;1099;617;153;153;9.861974;11.989837;8.593981;9.861974;12.460584;14.163360;15.803624;22.956784;22.634456
neos-504815;857;483;115;115;16.035154;15.514698;7.595255;16.035154;16.411713;22.136354;22.577515;29.759654;29.853311
neos-5051588-culgoa;4076;3902;112;22;0.000000;4.743083;4.347826;4.347826;4.347826;30.922941;31.611789;46.743398;49.376888
neos-5075914-elvire;1975;1951;216;125;32.920743;8.173711;0.000000;32.920743;32.920743;1.466893;1.682992;4.036095;4.036095
neos-5078479-escaut;2201;2025;205;7;5.623820;0.000000;0.000000;5.623820;5.623820;0.449121;0.938864;1.890753;1.894412
neos-512201;1082;611;141;49;7.202700;23.149180;15.097991;15.097991;16.804962;16.741907;23.543799;25.462160;29.857794
neos-5140963-mincio;184;196;11;24;16.992990;23.736144;22.767118;22.767118;23.158274;18.974116;22.908129;27.555923;29.328836
neos-5182409-nasivi;404;1904;142;143;0.000000;0.000000;0.000000;0.000000;0.000000;0.000000;0.000000;0.037894;2.971768
neos-522351;1705;1524;104;29;58.212571;29.925453;29.920203;58.212571;58.212571;79.767391;79.767391;99.833122;99.813190
neos-5261882-treska;2469;2031;20;48;3.436071;4.951520;3.077420;3.436071;4.413653;3.436071;3.436071;34.451900;34.725590
neos-538867;1042;666;47;47;0.000000;5.246914;1.986437;1.986437;1.986437;0.000000;1.430947;0.000000;7.304022
neos-538916;1154;704;53;53;0.000000;3.478261;2.506688;2.506688;2.506688;0.000000;1.358696;0.000000;6.616616
neos-547911;357;2352;84;87;0.906661;6.432486;0.000000;0.906661;0.906661;1.264428;1.533844;10.161877;10.075908
neos-555884;1952;2478;108;62;14.473684;17.105263;0.000000;14.473684;14.473684;87.938596;87.938596;93.421053;93.421053
neos-565815;1746;1248;238;28;12.158437;100.000000;91.798132;91.798132;91.798132;9.765489;83.156877;28.400240;93.142340
neos-570431;925;495;215;215;1.361355;39.783205;38.924423;38.924423;38.924423;14.232719;38.537297;38.854523;43.315469
neos-574665;3020;326;44;30;3.394277;4.282463;4.157993;4.157993;4.186840;18.528573;21.505807;49.766357;52.682177
neos-584851;465;389;231;231;0.938077;8.695652;8.682367;8.682367;9.375607;3.406648;11.309263;14.152596;16.025897
neos-585192;1149;1314;16;12;0.150105;19.012021;5.592697;5.592697;5.667166;6.447896;8.961686;8.351894;10.632938
neos-585467;948;1067;12;12;0.150210;37.573408;20.652228;20.652228;20.697946;9.155505;18.339117;12.189469;24.972398
neos-593853;242;1230;10;10;22.044859;49.153497;41.269016;41.269016;42.235639;24.202595;41.914209;56.498063;54.148901
neos-595904;1432;2835;47;47;25.565667;8.443747;5.622426;25.565667;25.565667;55.755124;57.682960;98.096189;97.838597
neos-598183;452;916;19;19;16.894163;24.891877;15.831953;16.894163;22.519967;4.342153;18.450954;95.731753;97.580853
neos-603073;452;974;20;20;4.342105;4.567537;3.256845;4.342105;5.407865;2.277263;3.883478;29.745479;31.296846
neos-631517;343;1037;202;5;21.884771;0.182000;0.140419;21.884771;21.884771;15.758373;40.913392;99.912351;99.904097
neos-686190;3658;3660;55;74;4.426722;61.706324;54.765373;54.765373;54.765373;5.179578;5.179578;11.367673;53.550249
neos-691058;1953;2871;354;151;54.801587;0.000000;0.000000;54.801587;54.801587;72.782030;72.782029;97.301588;99.603172
neos-717614;811;3049;138;14;66.481212;3.980890;2.070547;66.481212;67.259028;87.611494;88.980376;98.394373;98.513087
neos-775946;1381;2876;160;8;36.926606;43.486239;31.880734;36.926606;36.926606;46.091556;46.091556;97.420999;98.750546
neos-796608;64;104;15;2;0.000000;0.000000;0.000000;0.000000;0.000000;0.000000;0.000000;0.000000;0.000000
neos-801834;3300;3260;481;450;2.954103;62.643434;34.643370;34.643370;34.643370;2.667072;17.736743;9.604360;35.483071
neos-803219;621;360;20;20;13.004417;69.679601;61.450780;61.450780;62.322240;18.567552;49.121537;18.567552;62.147669
neos-803220;611;350;20;20;14.875423;55.113630;41.843328;41.843328;44.287880;21.916028;27.835382;22.792716;43.562559
neos-806323;1025;650;120;120;25.782263;21.773149;21.728513;25.782263;32.386728;22.582630;23.368152;37.179084;37.863650
neos-807639;953;580;80;80;19.986129;77.182493;75.122024;75.122024;75.324461;19.986129;70.613082;37.051302;75.425880
neos-807705;1024;604;77;91;10.262219;34.364786;33.917442;33.917442;34.331022;17.569816;33.104647;21.422930;35.222261
neos-810326;1730;1701;159;198;3.796925;60.828607;41.105235;41.105235;41.105235;13.942534;33.634127;27.466354;43.935227
neos-831188;2153;4580;892;79;0.470515;16.939091;7.008113;7.008113;7.060529;0.767536;1.006197;1.239224;6.763151
neos-839859;2601;1950;141;132;11.173076;26.972483;4.270774;11.173076;12.485677;4.069837;6.917920;17.680923;18.777386
neos-862348;916;1810;117;15;54.065534;0.000000;0.000000;54.065534;54.065534;57.562011;57.562011;74.622319;79.231199
neos-880324;173;135;48;2;0.000000;14.542496;14.542496;14.542496;14.542496;12.061798;14.542496;25.129632;25.798529
neos-886822;1057;1025;376;1;3.184289;3.047416;0.431977;3.184289;3.511800;2.041061;2.330258;2.841672;2.519202
neos-892255;1675;1521;189;197;0.000000;33.333333;0.000000;0.000000;0.000000;0.000000;0.000000;0.000000;0.000000
neos-906865;1562;1160;19;29;13.897289;37.519749;36.364128;36.364128;36.824284;13.757748;33.905048;18.478753;36.794203
neos-911880;83;888;48;48;0.000000;0.000000;0.000000;0.000000;0.000000;0.000000;0.000000;0.000000;0.000000
neos-911970;107;888;43;7;0.000000;0.000000;0.000000;0.000000;0.000000;0.000000;0.000000;12.331493;12.543576
neos-916792;1413;1465;88;89;4.055173;15.723417;7.871192;7.871192;8.907051;0.116958;7.972372;3.238321;8.826588
neos-942830;589;831;250;3;6.250000;0.000000;0.000000;6.250000;6.250000;18.452381;18.452381;30.357143;35.044642
neos14;438;677;130;8;55.470298;7.135468;2.632231;55.470298;56.077260;62.560570;63.302725;80.222053;81.075567
neos15;461;700;153;13;48.802153;6.297488;4.153805;48.802153;49.329657;60.477449;61.135440;77.790903;79.194344
neos16;346;208;90;5;2.777778;0.000000;0.000000;2.777778;2.777778;50.857125;58.804891;100.000000;100.000000
neos17;486;511;7;171;0.004473;1.160410;0.504000;0.504000;0.504668;83.998907;84.290627;92.103961;93.434761
neos18;3052;758;567;2;11.897233;13.043478;13.043478;13.043478;24.940711;60.869565;60.869565;63.310932;63.587039
neos22;2594;2066;66;66;5.943957;5.377866;5.249821;5.943957;11.187376;48.485523;56.976889;83.664045;62.799541
neos2;793;1487;20;20;3.215416;0.000000;0.000000;3.215416;3.215416;4.910652;4.910652;20.862230;22.430682
neos3;1146;2160;28;18;2.494062;2.608998;0.735190;2.494062;2.649276;5.887534;6.783188;20.704278;23.532921
neos5;63;63;35;1;11.111111;37.500000;37.500000;37.500000;37.500000;4.166667;37.500000;17.577792;37.500000
neos7;1807;1501;19;1;23.171843;30.057041;28.830913;28.830913;29.115389;35.058936;35.187824;46.561003;46.908908
newdano;520;449;52;5;7.762497;28.318773;28.318773;28.318773;28.318773;7.473593;28.318773;10.657877;28.318773
nexp-150-20-1-5;2033;3931;46;13;0.000000;5.172414;0.000000;0.000000;0.000000;17.241379;17.241379;29.022989;44.211823
nexp-50-20-1-1;267;443;33;8;4.482435;8.392857;8.392857;8.392857;9.107143;100.000000;100.000000;100.000000;100.000000
nexp-50-20-4-2;493;1101;41;5;25.757001;0.113809;0.113809;25.757001;25.757001;53.953606;58.697765;94.358556;94.482644
nh97\_potential;1836;1180;545;5;0.000000;0.000000;0.000000;0.000000;0.000000;38.095238;45.238095;69.047621;73.809524
nobel-eu-DBE;726;3460;46;47;10.844075;0.000000;0.000000;10.844075;10.844075;13.091469;22.911174;49.863303;52.098533
ns1208400;2054;2682;438;1;0.000000;0.000000;0.000000;0.000000;0.000000;0.000000;0.000000;91.071429;71.428571
ns1606230;3459;3261;905;90;4.155904;1.699587;0.413163;4.155904;4.155904;73.357832;73.357832;100.000000;100.000000
ns1688347;2336;1235;249;4;10.377358;29.559748;28.301887;28.301887;28.301887;39.622642;39.622642;39.622642;39.622642
ns1830653;1310;586;214;124;10.566868;28.703657;18.073178;18.073178;18.708226;14.996355;19.567779;27.796422;30.526983
ns2081729;1130;601;14;7;0.000000;0.000000;0.000000;0.000000;0.000000;0.000000;0.000000;0.000000;0.000000
ns894788;923;2012;322;253;100.000000;9.759665;4.110534;100.000000;100.000000;100.000000;100.000000;100.000000;100.000000
nsa;600;176;13;13;2.969687;22.390539;19.521689;19.521689;19.521689;3.907312;19.586366;8.542466;19.801847
nsrand-ipx;510;3739;67;26;17.293587;12.428900;4.008607;17.293587;19.526540;13.592717;17.767714;60.877765;60.459332
nu120-pr12;534;1402;14;8;27.709611;74.233129;47.434767;47.434767;55.281837;31.408555;56.378994;57.387612;61.442344
nu25-pr12;534;1402;11;11;28.214286;51.428571;21.209933;28.214286;35.287795;33.030611;38.590671;45.202029;48.075468
p0282;157;199;24;24;3.176818;13.480950;7.630616;7.630616;8.281020;75.974992;75.987547;99.777890;99.897657
p0548;119;371;36;2;38.090443;56.387598;44.404234;44.404234;70.136572;88.233870;89.508876;99.886181;99.906925
p100x588b;688;1176;70;11;8.630752;5.427917;2.873882;8.630752;9.984127;78.807946;79.982831;92.079078;92.246432
p200x1188c;1388;2376;3;5;0.398704;0.892064;0.780180;0.780180;0.826766;52.046024;52.177568;93.035685;94.919231
p2756;590;2143;97;4;93.510248;11.611028;2.460762;93.510248;93.510248;89.995470;91.629191;98.732330;98.639569
p6000;1725;4596;2;2;41.647393;67.980383;60.719217;60.719217;63.196755;35.697489;35.697766;36.023078;38.776246
p6b;502;451;368;375;0.913824;13.538906;13.379058;13.379058;13.379058;0.666251;12.898501;2.140673;13.338112
p80x400b;456;768;51;3;11.193244;7.702898;2.864409;11.193244;12.160039;74.750214;76.556562;90.663364;90.769246
pg5\_34;225;2600;88;4;23.449557;6.700565;1.012457;23.449557;23.905585;93.745799;95.341380;98.795148;98.793485
pg;125;2700;91;2;24.291759;9.182871;0.538629;24.291759;24.642619;81.737672;81.737672;84.399338;84.399338
pigeon-10;525;210;72;72;0.000000;0.000000;0.000000;0.000000;0.000000;0.000000;0.000000;0.000000;0.000000
piperout-03;3529;4414;766;4;0.000000;0.000000;0.000000;0.000000;0.000000;0.000000;0.000000;10.098253;20.378963
piperout-d20;3557;4499;142;144;99.999991;100.000000;35.333805;99.999991;99.999991;100.000000;100.000000;100.000000;100.000000
piperout-d27;3867;4890;164;58;99.999999;0.000000;0.000000;99.999999;100.000000;100.000000;100.000000;100.000000;100.000000
pipex;25;48;6;6;35.562434;37.809823;32.893917;35.562434;39.519886;16.980192;42.876574;93.519543;98.386513
pp08aCUTS;228;235;46;46;31.526354;21.036087;15.883763;31.526354;32.432318;53.082209;58.878600;90.889482;90.934206
pp08a;133;234;52;3;51.247813;22.397223;5.502776;51.247813;51.247813;62.604555;63.625086;95.611258;95.200739
probportfolio;302;320;125;20;25.138825;20.414026;0.000000;25.138825;25.407606;12.804095;15.592741;32.846959;33.539048
prod1;75;117;40;40;4.662085;42.446925;40.109580;40.109580;40.337348;10.684343;38.845261;30.580317;41.441385
prod2;92;182;44;44;2.309070;39.639538;27.631672;27.631672;27.647959;5.924929;25.351358;29.855050;33.041063
protfold;2110;1835;490;46;4.951456;9.824318;3.300971;4.951456;6.708896;4.464408;6.931060;10.789569;11.711491
qiu;1192;840;36;36;0.863081;41.957862;32.562467;32.562467;32.627255;0.979910;30.939654;5.154851;32.777536
qnet1\_o;237;1314;10;10;29.712770;63.666375;57.943724;57.943724;61.283307;46.485257;62.877914;87.955414;89.898947
qnet1;360;1417;40;47;13.254687;25.875218;6.315863;13.254687;16.144574;23.773452;25.176613;80.543567;84.052983
queens-30;900;900;900;756;2.286537;2.979964;0.174106;2.286537;2.291866;0.274507;0.275596;2.239023;2.205711
r50x360;407;716;43;43;15.742858;13.464999;10.450066;15.742858;18.076418;77.492228;81.479683;94.789429;95.383794
r80x800;880;1600;57;9;31.601079;20.129424;6.716882;31.601079;33.672343;70.354064;73.318406;89.924853;89.750201
railway\_8\_1\_0;2060;1557;317;5;0.000000;0.000000;0.000000;0.000000;0.000000;0.000000;0.000000;0.000000;0.000000
ran12x21;285;504;17;17;3.227406;24.918027;24.133917;24.133917;24.190724;34.688832;42.368353;61.846975;61.962491
ran13x13;195;338;18;18;11.392941;27.853498;24.813538;24.813538;25.903464;39.213431;46.962878;62.308729;63.147161
ran14x18-disj-8;449;506;80;86;0.136078;9.698914;5.921161;5.921161;5.921162;0.927027;5.843974;8.072602;9.266971
ran14x18;284;504;18;18;5.396378;10.467447;8.336020;8.336020;8.893955;20.707670;25.228697;49.351375;55.772878
ran16x16;288;512;20;20;7.491812;20.186712;17.087286;17.087286;17.990843;34.934728;39.487585;62.049491;62.152735
reblock115;3953;1062;814;396;11.611952;46.662144;24.270543;24.270543;27.776679;19.454505;31.573647;31.905021;38.820018
reblock67;1928;585;442;442;10.679201;31.202561;27.930040;27.930040;28.641354;25.447359;30.989535;40.367012;41.674427
rgn;24;180;19;19;9.663992;64.071856;9.636651;9.663992;15.262097;41.165878;44.629697;66.835594;84.855773
rlp1;52;316;47;6;11.177190;0.000000;0.000000;11.177190;11.177190;15.760933;15.816208;32.624619;32.449639
rococoB10-011000;765;3555;274;302;12.593529;1.265374;0.911838;12.593529;12.593529;22.292511;22.308138;49.848439;49.911150
rococoC10-001000;617;2483;157;157;32.888746;0.034042;0.011364;32.888746;32.888746;35.134998;35.134998;81.236650;81.363973
roll3000;981;892;157;3;4.247987;1.430670;0.272193;4.247987;4.393999;33.139699;51.697451;88.074127;89.549756
rout;290;555;40;34;1.507588;17.476598;17.167134;17.167134;17.167134;0.711281;16.549163;3.983776;17.167134
roy;147;139;13;13;11.980796;39.128031;26.700646;26.700646;28.189727;30.054562;35.142303;89.544729;91.268282
sentoy;30;60;8;8;19.308459;61.356896;57.651340;57.651340;58.092353;13.725525;14.456758;39.602577;59.343227
set1al;432;652;196;3;98.832299;3.656039;1.112212;98.832299;98.832299;99.152993;99.152993;99.959253;99.959253
set1ch;423;643;129;71;28.199796;2.192430;2.073896;28.199796;28.199796;67.237225;67.259448;99.906299;99.909633
set1cl;431;651;200;3;100.000000;3.585855;1.090861;100.000000;100.000000;100.000000;100.000000;100.000000;100.000000
set3-10;2481;2677;176;3;17.617340;3.772740;0.000000;17.617340;18.806652;8.773408;8.796227;39.655092;39.721633
set3-15;2537;2677;174;4;7.363378;1.594348;0.157050;7.363378;7.363378;7.401668;7.652891;29.605848;29.672656
set3-20;2537;2677;176;2;10.549054;1.089998;0.000000;10.549054;11.035028;8.451257;9.223684;33.731585;33.712492
seymour-disj-10;4777;1031;614;621;0.212331;5.987611;0.893520;0.893520;0.893520;0.168904;0.788231;0.368671;1.130276
seymour1;4452;897;58;74;17.426236;44.274981;37.052424;37.052424;37.052483;37.377352;41.521381;46.590815;47.779278
seymour;4369;893;474;481;6.075559;19.223523;15.260387;15.260387;15.449903;23.480728;23.717895;43.183898;43.855019
sorrell8;1554;1504;1063;1075;1.744688;6.702316;5.970975;5.970975;6.381021;10.244599;11.846230;16.319858;16.417503
sp150x300d;269;419;31;6;1.667003;6.717872;4.882496;4.882496;6.119149;78.935273;79.494788;89.459889;89.122147
sp98ir;1400;1586;110;111;3.687271;29.114230;27.119970;27.119970;27.183045;13.593658;14.530669;49.389148;51.598620
square23;560;4345;86;90;9.177062;42.261905;2.475262;9.177062;9.177062;3.073686;5.489465;14.598825;14.602860
stein27\_nocard;117;27;27;2;8.296296;55.555556;55.555556;55.555556;55.555556;14.782213;55.555556;29.080362;55.555556
stein45\_nocard;330;45;45;1;4.687231;53.957680;53.957680;53.957680;53.957680;12.689067;59.090909;26.338384;59.090909
supportcase17;1421;736;247;7;0.000000;0.000000;0.000000;0.000000;0.000000;0.000000;0.000000;0.431008;0.398739
supportcase20;598;896;270;7;35.681080;2.826607;1.486158;35.681080;36.280781;41.017575;42.002503;80.740570;81.891666
supportcase25;3832;3664;110;115;5.411754;7.568384;4.197738;5.411754;7.990122;31.030779;32.729741;44.470888;44.591676
supportcase26;830;436;18;2;0.000000;0.000000;0.000000;0.000000;0.000000;5.161795;5.162282;23.993501;24.254992
ta1-UUM;424;1875;40;10;4.087591;3.952061;0.000004;4.087591;4.087595;0.000000;0.000006;0.000000;0.000006
timtab1CUTS;349;365;121;122;0.734799;9.255909;7.875494;7.875494;7.897538;3.711210;8.078565;11.347446;11.874288
timtab1;165;365;128;5;24.083264;11.487188;4.442464;24.083264;24.083264;32.675239;33.030710;59.870516;59.946082
timtab2;285;625;214;3;13.664747;9.246145;2.358475;13.664747;13.664747;24.676878;24.916849;47.853887;48.902600
toll-like;3208;2146;435;179;4.384437;2.874564;2.730214;4.384437;6.478555;64.764639;67.671902;91.426308;91.436571
tr12-30;710;1028;321;2;58.360211;1.743446;0.477979;58.360211;58.360211;60.236075;60.438883;98.547975;98.689839
traininstance6;497;265;21;2;0.000000;0.000000;0.000000;0.000000;0.000000;0.000000;0.000000;0.000000;0.000000
uct-subprob;1595;1932;594;23;2.608760;9.669158;6.762266;6.762266;7.328570;19.125930;19.641945;48.462469;49.104131
umts;1749;1648;275;276;0.973181;0.209040;0.108872;0.973181;0.973181;1.412379;1.463163;4.793132;5.023309
usAbbrv-8-25\_70;2813;2073;722;4;0.000000;0.000000;0.000000;0.000000;0.000000;0.000000;0.000000;0.000000;0.000000
vpm1;128;188;16;10;16.930266;7.788162;4.672897;16.930266;16.930266;45.861148;56.942590;68.157543;72.129506
vpm2;127;187;25;25;17.849671;14.293216;7.834301;17.849671;19.708285;43.301830;50.632749;73.261050;73.527940
zib54-UUE;1114;3726;56;56;10.696523;17.642953;7.595680;10.696523;15.599614;43.113981;54.095130;68.331458;68.225269